subject,session,trial,target,cca_9Hz_h1,cca_10Hz_h1,cca_12Hz_h1,cca_15Hz_h1,cca_9Hz_h2,cca_10Hz_h2,cca_12Hz_h2,cca_15Hz_h2,cca_9Hz_h3,cca_10Hz_h3,cca_12Hz_h3,cca_15Hz_h3,cca_9Hz_h4,cca_10Hz_h4,cca_12Hz_h4,cca_15Hz_h4,cca_9Hz_h5,cca_10Hz_h5,cca_12Hz_h5,cca_15Hz_h5
1,1,1,15,0.12560228140996726,0.11518070162633025,0.09810138092496266,0.5188364513256608,0.19252703238939814,0.1646843365627285,0.14003956330263959,0.5225862116350152,0.2017595295109532,0.2202518136620203,0.14671562183580714,0.5231205364800162,0.2285041831692814,0.22337713833047643,0.14802056743771622,0.5231218523388675,0.23461841539277684,0.22337903209887722,0.14804317549667662,0.5231218597344771
1,1,2,12,0.17951374490626823,0.18084660557512836,0.45289301803135673,0.17593829025456015,0.21722324829467105,0.19853204211918146,0.5950711196716633,0.18783488409435012,0.22007587751313956,0.20695097440472654,0.5977930442520132,0.1879665559664441,0.2579922884641643,0.21062601894004682,0.5978673674653114,0.18799653715476797,0.25817353004220606,0.21063166682858542,0.5978957907210626,0.18799699261176667
1,1,3,10,0.1889969452296794,0.6823601994409784,0.19492799844806755,0.17624550454627064,0.21261472177388688,0.7701566468021005,0.19598087134363737,0.2971912150850865,0.2216280375025218,0.7767968283069805,0.1986952244483171,0.2972216372153139,0.22561549299304684,0.7773051678186536,0.198811570956748,0.2972410498403346,0.23112272630732716,0.7773094234340475,0.19882628681578338,0.29724614707502084
1,1,4,9,0.2656458992375449,0.2559682536251288,0.18110094987377867,0.21574134939697495,0.6769758010871303,0.26967442038433875,0.1917731780305888,0.22113238817416597,0.6776477041684665,0.2757418902441998,0.20650546768175926,0.22622814321906048,0.6789379618724802,0.2761125583251429,0.20682890528636652,0.22623027328439524,0.6800108129503815,0.2761151745095567,0.20683346492770996,0.22623093747660286
1,1,5,15,0.19065131543267058,0.1907928334932838,0.20750177586656557,0.5444784814264071,0.23695615702170997,0.20744679629832496,0.20966890484382414,0.5481673367392783,0.23895109774817705,0.2399683201453643,0.22687727032279043,0.5492323275055281,0.24846898268543138,0.24098938997816438,0.22741823648510395,0.549236547129705,0.2619873970306491,0.24099255534679845,0.22742173173714472,0.5492367653750557
1,1,6,12,0.11469240398952792,0.22026976301715018,0.5989469729790534,0.1475292951476692,0.213178753047621,0.22139366418567658,0.6622853224835525,0.1484673391258617,0.21870725305643804,0.22143185385660955,0.666139303373128,0.15823961843673268,0.26884325454898184,0.2302350431405337,0.6667237858133106,0.15830846324267955,0.27035989204579325,0.23025088690702827,0.6667329883392267,0.15830919235041993
1,1,7,10,0.18809803157751898,0.5234410421027877,0.21551836587460985,0.18053339039468555,0.23789784714981035,0.5984105846486523,0.225251720949729,0.24639685314507614,0.24034999079230873,0.6070841982097113,0.22823338109121835,0.24745754234467823,0.24238658746701958,0.611132259933447,0.22833817333624168,0.2474634121355309,0.24256618328573334,0.6111324173811068,0.22835503532516735,0.2474637950566118
1,1,8,9,0.4193770783975282,0.20566780871645612,0.22646850819776976,0.15025680676782743,0.6118251632709962,0.2146772824392341,0.24917911112573243,0.16185864693467109,0.6127665472308226,0.21602172985408855,0.25431265414138243,0.172574115747415,0.6143371833757546,0.21760815528757121,0.25503505955003963,0.17258363998046633,0.6148380417158764,0.21763786427702037,0.25503642396537834,0.17259332797755914
1,1,9,15,0.12186190389121626,0.22269119249801658,0.1820191448291714,0.45055926179810923,0.2226725250251667,0.2240069852360032,0.18494811010186724,0.457618753139094,0.22403050657039622,0.25568010139209096,0.18871600787900752,0.4581789571742587,0.2276748490695269,0.25717377261514096,0.19076687518628124,0.45818020781715163,0.23493706771421136,0.2571740446885737,0.19078458035214768,0.45818042629651085
1,1,10,12,0.22468846071200185,0.1612584786261355,0.4542103636366803,0.16814685211100722,0.2284849868085386,0.19211089012692667,0.4990477679239985,0.16984137039279185,0.23588175835100836,0.21010760060658631,0.5015304716090215,0.1777987383137195,0.2397713063486035,0.2126670654022527,0.5017892634176911,0.17789045729770425,0.24814877636333268,0.21266780259262455,0.5018083142453725,0.17789167078916684
1,1,11,10,0.4087184233010477,0.5750433514284317,0.19207036418204862,0.2229616054536575,0.4152813946201838,0.6029279829336671,0.19368844266692176,0.25456221495908676,0.4204432998604283,0.6029718245391856,0.23095486487556854,0.25664454542056353,0.4221203285660886,0.6063118231583602,0.23098959982943876,0.2566498645882367,0.42217264993593795,0.6063164107235377,0.2309932459951553,0.2566503991206289
1,1,12,9,0.34341500346356085,0.1859682343216134,0.16667576534838618,0.13853441830859872,0.6637757181791,0.1903004520835777,0.19937480979788727,0.1465534297622632,0.665008492569621,0.2018084626852943,0.21625929656845966,0.15171444431593054,0.6672906590469042,0.20414312618226643,0.2167036352566765,0.1517153055438657,0.6694452203096296,0.20414541111847492,0.21670626488332811,0.15171797500406856
1,1,13,15,0.38817189896816506,0.15587218830417054,0.14013171196437993,0.41036078524567654,0.39288586639237666,0.24079471659729465,0.15632535173176926,0.4305714930227674,0.3930958363620972,0.32989651733162023,0.15791774960905475,0.43329567509708616,0.39353897872723287,0.33067792201307633,0.15836191246998088,0.43329981105785187,0.3961153493985346,0.3306782752545208,0.1584004974355921,0.43330012016604147
1,1,14,12,0.17074953839829732,0.20361127370245347,0.45905124578227197,0.16532735938471468,0.22591970897728397,0.21176015356181385,0.5170260182583701,0.1690998320497848,0.22949779292139044,0.2121318054017988,0.5193346147225838,0.1725325895455701,0.23860270041513315,0.2195433204386826,0.5197198776959207,0.17255932435701457,0.23962050799630458,0.21955355182271324,0.5197467077154684,0.1725603166195476
1,1,15,10,0.18726796569740045,0.6710661622799995,0.14820448027843877,0.1196149162428512,0.1996756937442859,0.7017556077931029,0.15622466400956508,0.2702736782241721,0.21034392958106296,0.7097447090019396,0.1591733381433342,0.27053062092211605,0.2196049314574477,0.7122037368920267,0.16021704587279412,0.27054834057273924,0.22379592487695932,0.7122038457806147,0.16025222271607567,0.27054849191834923
1,1,16,9,0.330347332963175,0.2453502385051793,0.19063728796946047,0.15467218164235783,0.6023050378024238,0.25901603321656347,0.2144048434044802,0.16887951936207335,0.6124058882859863,0.2595252036273821,0.25133134564539444,0.17854428346791132,0.6136263737938932,0.2611614990888883,0.25233662920769867,0.17854580547136312,0.6139178116344959,0.26116744318942947,0.2523368288283533,0.1785464432764747
1,1,17,15,0.15137795916549002,0.180556151774211,0.17665799432182425,0.3872149919738061,0.23352526733141094,0.24381740382387382,0.1898466090529734,0.3993984844245325,0.2448448452910829,0.27116505894936976,0.189944720081106,0.3999048574719188,0.24639738490096538,0.27442299257376335,0.19034349647380652,0.39990880599938433,0.24687899325928353,0.27443203123184756,0.19034608697720734,0.3999090879700393
1,1,18,12,0.14791880505680685,0.14062432715723805,0.44320802251162916,0.17101501808339586,0.19151447380430833,0.2152406429395943,0.5386283177518926,0.184816340199365,0.1946654023056415,0.2199099365293309,0.5391501147809004,0.18506909969765756,0.2174139369186317,0.22023600411932273,0.5395120543767075,0.18508873194930284,0.21820167635732116,0.2202379870861845,0.5395230586190897,0.18509021109878496
1,1,19,10,0.18206495450500323,0.5906044014679726,0.19158565446156012,0.20335971715409729,0.18486780706282036,0.6177366981482989,0.20323167833255293,0.2632820267989148,0.18505328660658948,0.6284005753961526,0.204613718178558,0.26634286581061417,0.18634528751703724,0.6322842229363937,0.2047285770198376,0.26642396270961904,0.19403443544596838,0.6322844068834441,0.20476324333238743,0.2664279795019231
1,1,20,9,0.44745335612199466,0.2321454065411437,0.12976394039426647,0.21510722078640032,0.6070597363000927,0.26408798077271395,0.14351798971256735,0.22991795594360476,0.6100573268928025,0.2672258729853847,0.18752871412588248,0.23216839654921848,0.6125810881028803,0.2675889721861733,0.18801013070569736,0.23218043604878114,0.6128911588665842,0.2675951274429052,0.18801573346500658,0.23218078066800876
1,2,1,15,0.2760351388977758,0.2573233174116925,0.16813228968613644,0.5574881724453858,0.2830484095600081,0.2695496852304707,0.18219953125053295,0.5617179326978868,0.2903890494421963,0.29886771726198874,0.19991285856504665,0.5646678647870137,0.2917930385574719,0.3029987064877301,0.2002126032598074,0.5646740618562907,0.2925686922478401,0.302998767678239,0.20023162876770484,0.5646740833158362
1,2,2,12,0.12273185664911884,0.19646373915687051,0.37699113364238124,0.13886023076777743,0.18130340547729165,0.20584827187996912,0.5422970526392888,0.14992123416205372,0.19495360075828463,0.20608785150690034,0.5532232905170122,0.1520017883950764,0.2793333255686114,0.21365989488839196,0.554941289865844,0.15206038211308712,0.2850093775944995,0.21367611104389078,0.5549600085933554,0.15206543702308922
1,2,3,10,0.17401264447686907,0.6207770429629579,0.16767442110834183,0.2075878754933389,0.20516325167135818,0.7556435445096303,0.17461564578191335,0.25775965948665713,0.20902644443323024,0.7576519741503691,0.17466798288622026,0.2613840023805559,0.21282484424929954,0.7579491973472734,0.17471177688035927,0.26138617895442545,0.2134737431620249,0.7579517042199134,0.17472121878344682,0.26138800084030556
1,2,4,9,0.5993634449480019,0.12593833229531576,0.1311191030586915,0.1679870599185576,0.7248087589453905,0.21421315342722128,0.13847000382040212,0.16948067926473356,0.7301596682010367,0.22143730086768398,0.17938211386530742,0.17257526995517403,0.7342487221980154,0.22219920459437445,0.17972364191036425,0.17257839635437922,0.7344484499915793,0.2222026112869357,0.17972948253191154,0.1725784287791872
1,2,5,15,0.1407828813611154,0.14479433127963523,0.18249136069861124,0.4932178989779011,0.19687315663171412,0.1933506811659296,0.19610531981975302,0.5312268628281657,0.19826725748917626,0.35926826475489443,0.20518279191423197,0.5322006232815214,0.21445837614403426,0.36089314702992453,0.20571091688684168,0.5322026720868349,0.2230345276276512,0.3608999284765432,0.20572427473195198,0.5322039351879163
1,2,6,12,0.24202828068777188,0.21952072294464708,0.4977917994695375,0.17850303369658604,0.2937123105948084,0.22441570563791258,0.5087084030780307,0.21198019534065177,0.29932316819859633,0.23167160264955022,0.5088567641848933,0.21655805316985846,0.3033079328500998,0.23478704323138094,0.5091108558687113,0.2165619061571302,0.3055144976849251,0.23478780477144387,0.5091361968545856,0.216563911516213
1,2,7,10,0.13326116114845107,0.6161103697984424,0.16088917328213975,0.18171297974523304,0.14651559618406942,0.6539662648319522,0.18885448411448488,0.19688522806675568,0.17491335317099224,0.6600940224770862,0.19197046309347507,0.19702176420503686,0.1814169005237482,0.6641980308710493,0.19264349000228806,0.19702582173641664,0.1851368257366435,0.6641993845965312,0.19264625310094638,0.19702724955666787
1,2,8,9,0.4864995840772898,0.25069355196711496,0.153154632428232,0.1917140657521745,0.6607467586455826,0.26724602236353623,0.1912650209833812,0.19647922764038372,0.6608143467012347,0.2692309864259841,0.2158720257746182,0.20797165472728443,0.6673680972290584,0.27012947466367365,0.21687805050923742,0.2080012456426761,0.6699655284939299,0.27013552548910114,0.2168790267641351,0.20800331606965494
1,2,9,15,0.25377404043699736,0.1639997246187554,0.224634894239667,0.49372394533248354,0.2592415800312245,0.22611971266306974,0.25709516779742086,0.5004383237172748,0.26142290727155265,0.3015988699202826,0.2571401969575677,0.5023063264250257,0.2643530440032052,0.30336190994927414,0.25799006667208735,0.5023074452579934,0.27190935344953093,0.3033705028138906,0.2579958208176247,0.502309604871323
1,2,10,12,0.43205217315733496,0.18160723178849209,0.5057311865588975,0.18857936141894105,0.4421872323640488,0.20071919142994085,0.554897158981394,0.20604211712795034,0.443635447651846,0.20699922463795706,0.5707341610230313,0.20712923944814945,0.4441827692483694,0.2100485437822662,0.5708158207226929,0.20718030835233764,0.44439966991781926,0.2100498968497557,0.5708544619240173,0.2071803541891538
1,2,11,10,0.3512431085456631,0.4629709915644292,0.19260576229047968,0.13315626087185536,0.36085792997060756,0.6069304391753019,0.2017129295522753,0.24424939438578427,0.36558988854950386,0.6098624960076166,0.20193370791287868,0.24433855011568922,0.36588825048285,0.6132216763105247,0.20195344432388213,0.24435514758759108,0.3667964989384951,0.6132218142833462,0.20198862764770006,0.24435626400690721
1,2,12,9,0.5328371974179013,0.16829284196202618,0.24498661148845732,0.14593266249294845,0.5913685382754176,0.18126441428181872,0.25001834606721496,0.14769869972293953,0.5932296179248384,0.18377042127434334,0.2518598595610917,0.15822340578208666,0.5932833741380074,0.18609071433293212,0.2521787817915049,0.1582563800683375,0.5947023192313549,0.18609182104384772,0.25221717204753047,0.15825660227944913
1,2,13,15,0.1614890965449989,0.18510751722365384,0.18118668107135305,0.5135834647601961,0.1860996974592809,0.21667972576617744,0.20810951215661205,0.5525627095217576,0.21642698879389874,0.34442757565608006,0.20904371404204108,0.5548886355546662,0.22251898120177543,0.3456601391591445,0.20932678133029667,0.5548903107217363,0.22622703155930085,0.3456723681355033,0.20933497839456597,0.5548920805164947
1,2,14,12,0.11626024361985869,0.20946422511934001,0.36587039639848523,0.16674434160463578,0.1682213922494855,0.21031773897294495,0.5408744455110868,0.20192199123780694,0.17569173293144894,0.2112198387485493,0.5506413560688272,0.2037324393788012,0.2018466645717895,0.21694443790717854,0.5531377168663374,0.2037605995691884,0.206428121819546,0.21694811221463034,0.5531775080142828,0.20376073984488224
1,2,15,10,0.16321138660617016,0.5004381302832006,0.1755316812363369,0.17791318431914152,0.21372854987357626,0.5551865792466214,0.1904697134317128,0.2546381616926332,0.2320402325978057,0.5570126998029143,0.203976819094622,0.25597038198895095,0.23579214814738572,0.5571712953718344,0.20437289258547256,0.25597725262885374,0.23778922243209769,0.5571737186166418,0.204382231743255,0.25597948662344827
1,2,16,9,0.40293062236571364,0.26991728140449195,0.18267273919471289,0.14721781959351926,0.6596168488329524,0.27168901884123176,0.18788016988932874,0.16230193491451644,0.6653976061849302,0.2761554209304233,0.23676573937548323,0.1662033400032873,0.6662096601018307,0.2770326141857673,0.24014986879950032,0.16621092046137595,0.6664833353113041,0.2770415993340175,0.24015236844066298,0.16621167874259526
1,2,17,15,0.23375402185092206,0.25763075098848676,0.21603802823886442,0.39607826648250904,0.24599086089058061,0.2616689478115572,0.2376540379597534,0.44565370341704946,0.24768235175561612,0.30023257891108285,0.23832415601580187,0.4581695317564081,0.2489508021225289,0.30145431518447435,0.23929275422550808,0.45818022783264023,0.26034152783691206,0.3014566634023451,0.2393080692426038,0.45818630165638324
1,2,18,12,0.16587490147726144,0.2076855781178162,0.3773026775647207,0.13181075138185827,0.16793339738839852,0.2398669432351333,0.5440265450687886,0.14128035396975638,0.16830295903422027,0.24652129675999213,0.5502249570854859,0.15834559745062873,0.1865957247099156,0.2513629689358646,0.5510469203524468,0.15835126101665292,0.19192114935750604,0.25136908313112155,0.5510614921779163,0.15835198741535889
1,2,19,10,0.2108306218893498,0.41802364977659884,0.10168674989452933,0.16135734426155587,0.24259216173095163,0.5605601806851749,0.1180672127960484,0.2749054713004103,0.24306054636642507,0.5798078716169957,0.16545889300707922,0.275024046701782,0.24413605476284328,0.5801497304022306,0.16749015553918398,0.2750339141740266,0.24516309618299073,0.5801503470037858,0.16755777449530315,0.27503453382263326
1,2,20,9,0.38951528436786975,0.2074964772107532,0.18786011519765142,0.10855055179620117,0.5774176480228188,0.23192216012196373,0.21104829881703308,0.16349914403364535,0.5858329392190329,0.23308545520617308,0.2702051622224231,0.17389030551319395,0.5976586896086548,0.23672865213923552,0.2710723917978339,0.1738925971824094,0.5986679844803022,0.23673035739815232,0.2710733673912297,0.17389361853486368
2,1,1,15,0.15211986336515762,0.16104891482364314,0.1890354476414367,0.4508259447896925,0.18090962379199654,0.21178717729990468,0.20093957323561407,0.5005388291394797,0.21999435448242952,0.2844415102101341,0.20417540380207796,0.5006305061512285,0.22104292103478318,0.2868345336197042,0.20706601479269268,0.5006329445300812,0.22715358924538917,0.2868510132227776,0.20712420565487907,0.5006334034214959
2,1,2,12,0.12768288378358014,0.1478725998821036,0.35048421152784515,0.14728069603352797,0.1507001581873343,0.1746417754591617,0.3512190394199207,0.18562275017673543,0.1512539192182447,0.20899534685778146,0.35173304044112896,0.19138724837129067,0.1603422718252133,0.21198481225783888,0.3522856192850145,0.19140152386446047,0.1628322473502244,0.21200819953748834,0.3522916649097677,0.1914018610563554
2,1,3,10,0.18355365509679294,0.23589963497912134,0.18740020233720767,0.20668846644884253,0.20599340584714373,0.43397091651539677,0.19247972025620919,0.2160046681182338,0.21140325307586838,0.43731902898438296,0.19403984991667547,0.22264093167752871,0.21462751017927165,0.43879577892626676,0.19432534073787902,0.22267385900138703,0.21524815792324772,0.43880206706156333,0.19433876648490994,0.22267446974493685
2,1,4,9,0.21090743363086378,0.15328007165373603,0.2296511349216863,0.13838318322240523,0.48247688087076246,0.2034962685560023,0.22979430686891436,0.15238743915909456,0.4863416488633293,0.20888798606244816,0.23109226593266038,0.15456563117275976,0.49219737739736147,0.21328878880598692,0.23164325029645932,0.15465397323518768,0.4923387137674071,0.21332772318473564,0.23165254452840547,0.15465862098931724
2,1,5,15,0.1821114853944382,0.20421034050198297,0.2595301394353437,0.47186738979605725,0.20699862355263154,0.20626355911257613,0.27271789038798105,0.4924287510879633,0.20730031706582375,0.26336239220403773,0.2753269935271127,0.4928806663399978,0.2177423557163892,0.2633983774073179,0.27540682436710034,0.4928888101485562,0.24734513869131175,0.2634123700184639,0.27540782435147215,0.49289029807116425
2,1,6,12,0.307453030790876,0.39026917043767145,0.3477689471920453,0.18514077485718614,0.30777920847174084,0.39304451513743155,0.34803806378184554,0.1899031523065098,0.3079664500343441,0.3932367777766963,0.35129173779748624,0.1909478702258521,0.3080722995025788,0.3932598729879412,0.35250181655965396,0.19095013546525424,0.3084842133424047,0.39325997972602994,0.3525026998173835,0.19095120610355198
2,1,7,10,0.16006443591368677,0.3045237999859786,0.12689842513086114,0.17866525684417198,0.18667056685995456,0.3887825108638161,0.13848924386305322,0.18644072107592552,0.18913990874185893,0.38895403340197227,0.19437937464859514,0.190482943692686,0.1979903735821046,0.3890636452282329,0.1956532880598816,0.19050627964920624,0.20032296931318716,0.38906592517131117,0.19568897981905314,0.19050632206014984
2,1,8,9,0.2695406910982282,0.2634592353306568,0.27581578857134587,0.1272185596195787,0.36060719942653424,0.26768296850324536,0.27756894415775557,0.1546984600534414,0.3766846007304695,0.273199118484801,0.27823516878002164,0.15539145428234474,0.37824164470429233,0.2753125585536905,0.2782934435221139,0.15540759219819475,0.3789412556179954,0.27532640018420956,0.27829907989243396,0.15540986564507026
2,1,9,15,0.3960686950085244,0.37118442127074824,0.23088903449110007,0.38400217307306794,0.4028768421248086,0.3721562419620911,0.23240546760719122,0.41688913363269275,0.40420226020507066,0.3822197217501067,0.2342236185082626,0.4170096168231338,0.4050483683449691,0.38379110320152104,0.23497481486079777,0.4170112719627957,0.40510533653020653,0.3837927500873029,0.2349884670553969,0.41701163724948803
2,1,10,12,0.29376986561080465,0.16580920022388368,0.2615818648639209,0.16076725668121272,0.30168154060377067,0.17899423707063428,0.29083854731026537,0.16830441785001693,0.30245093152190106,0.19217397078831625,0.29464327693550896,0.16931919649090812,0.3051763451461462,0.1958758274087507,0.2947542702941294,0.16934478877647344,0.3052585380567702,0.19591839068405711,0.2947774270683196,0.16934546842117154
2,1,11,10,0.2947216109810629,0.3621628772033159,0.20840874023917336,0.16675587306780293,0.3000662395211556,0.438169265878781,0.21301090554745672,0.17768367857149803,0.30358052343843284,0.44351826266933636,0.22752734987416312,0.17857804967134716,0.3045646189231718,0.4439915186287471,0.22851402594232378,0.17863803138554685,0.30499378797715726,0.4439936799343221,0.22852002586776715,0.17863824548509036
2,1,12,9,0.16429508575220114,0.15545712959188787,0.1812562889228059,0.20291996592239073,0.44370631025897994,0.16925442656048292,0.18935567877876008,0.2121912333652197,0.4559381898001874,0.17554642220938224,0.19408690869385758,0.21824210518882978,0.4574842579389248,0.1898872365737791,0.19441542554672742,0.21825183425398417,0.46076948689482916,0.1899560441951288,0.19443117731007709,0.21825309009391894
2,1,13,15,0.14928392599823628,0.29579196806927754,0.2483348085261791,0.37377915257315253,0.1692982362521088,0.2958839036426282,0.24909594542557065,0.38452269254368665,0.17525881945072985,0.312760838191797,0.252063758757479,0.38751702392088355,0.1832090846870392,0.3135039767412549,0.25382154583352534,0.38751751694418485,0.1853273559187854,0.3135072085470561,0.2538313283391478,0.3875177776511701
2,1,14,12,0.3350505729939273,0.2776831479477624,0.273678905934409,0.10852320368724384,0.3392639205717967,0.27898706078225544,0.2917764262011132,0.1136943962071059,0.34136543726603236,0.2817863878610779,0.2936584286899706,0.12248337921885998,0.34401335762099217,0.28211668734162254,0.2940966558276325,0.12250687430377755,0.3447856478590671,0.2821182554410605,0.29410091668707217,0.12250832095711746
2,1,15,10,0.25643458452099654,0.30216229285197854,0.22321868405531634,0.1821930004896584,0.27430399904188296,0.3341660702981616,0.22492831880390152,0.1822703324827375,0.2775292159619806,0.3341922567489394,0.22655579094070438,0.18893212485132752,0.2788315201843174,0.33468695098307044,0.2266178517910886,0.18893851523892546,0.27922336423547545,0.3346890292283689,0.22662793119877356,0.18893913543252547
2,1,16,9,0.3181775033446218,0.2918474473655035,0.2297686614841816,0.20527863589833012,0.4497916570256615,0.2985311299839731,0.2534109884347244,0.20667924237202587,0.4507072847544901,0.3003655134331863,0.2634767886181679,0.21016083731408997,0.45345805683723966,0.30100971733564674,0.263484693435506,0.21017391978758468,0.4576167329927105,0.30102518170239445,0.2634847794927321,0.21018073102975826
2,1,17,15,0.20450573281727463,0.33413030710699604,0.20200734500990955,0.30464038941627264,0.22232248157311807,0.3400484730993828,0.20771524062658075,0.3056217894748169,0.2274081894272047,0.3411889036370789,0.2119053584442534,0.30610534889029584,0.2280239746077057,0.342823564952278,0.21274584189971596,0.30610661075680207,0.22817660797630337,0.34284037897768094,0.21278554985147494,0.30610752107463063
2,1,18,12,0.26695750729965484,0.2319645512007996,0.4944929624739234,0.16399695988175736,0.26820010954547874,0.2319814739541906,0.5332216330142382,0.2001976046455137,0.2716955921520579,0.2350703698596542,0.5355428695266149,0.202705385383647,0.27430966418694513,0.2362799321849266,0.5356829314096739,0.20275970590397763,0.27494583794396893,0.2363289462490517,0.535684581197867,0.20276089326913607
2,1,19,10,0.2420887452303975,0.320097801061981,0.2863026725238426,0.1454456146030048,0.25344302807497987,0.4157518227064932,0.28977766666564747,0.14914460312391511,0.25359940351207744,0.41878447666110713,0.2971001318204952,0.15661702375889686,0.2584688332352462,0.41926852831087846,0.297105918856187,0.15663984197374792,0.25897050026807866,0.4192744062204766,0.2971183621413754,0.1566403659290743
2,1,20,9,0.2824781109096015,0.32740592487822767,0.1352720878747237,0.09862294387007846,0.4541722500688592,0.3284544616339038,0.13891620172938546,0.15432370105163679,0.4552548135029175,0.3295778121957514,0.14455435810973258,0.16439464118588873,0.4567711983391921,0.3299356606157463,0.147648290425304,0.1643960489559359,0.4569575897242806,0.329949990271116,0.14765676126801694,0.16439634133292583
2,2,1,15,0.13592184439261823,0.1926187169337424,0.18077797044623398,0.21634445528098212,0.15179844487825936,0.20899394192124654,0.18187015142380555,0.31530736374467955,0.19330520187921407,0.3056858447339827,0.18537909395840793,0.31554284666099264,0.19514625246924833,0.3122318267628848,0.18567075858436224,0.3155643255552254,0.1990211350723961,0.3122429104051387,0.1856797469139639,0.31556464862064987
2,2,2,12,0.19336876722237342,0.3063975421941949,0.3600432723786475,0.17966478183512433,0.19705513761029078,0.31302532890574325,0.43390157957044045,0.18786590136122894,0.2073602400265368,0.31443830396045425,0.43524849672591887,0.19190898786989732,0.22420017335076642,0.3161278872118406,0.4366641390038068,0.19192906833939155,0.24022818795103415,0.3161293298194171,0.4366699448290681,0.19192938046580918
2,2,3,10,0.13284160444353282,0.34290019734196875,0.22526199901475114,0.0892513143229953,0.18106056212754307,0.4414406857267872,0.23530885219328807,0.12805730319994346,0.19102160995473882,0.44542598084355833,0.23696365669825192,0.13206337200351892,0.20381721496877678,0.4474736150768185,0.2380170695486477,0.13207419044757296,0.20383945195342398,0.44748260154976827,0.23803539459069747,0.13207499974292453
2,2,4,9,0.2098228281511374,0.2162414398778543,0.23996061711038896,0.15654583846221884,0.41842967107845247,0.2309622601344777,0.2448618624404996,0.15778850029108973,0.4406465448422039,0.24182150598628563,0.2468739852262076,0.16040313564064287,0.4412734370309186,0.24251672388143705,0.24752352360324392,0.1604307860190427,0.44409862896611163,0.2425366829974252,0.2475480644824449,0.16043096550625663
2,2,5,15,0.14033824153348137,0.14320655338979685,0.21327316332674734,0.41618632104325154,0.19790364472513564,0.15005751163769465,0.23004113418887465,0.42557922999823383,0.20044252110493402,0.20463471209282497,0.2333557420229511,0.42639688797709274,0.22448574551873254,0.21019810486351287,0.2342166783358272,0.4264087259742688,0.23263336919387376,0.2102000548185843,0.23423227884451656,0.4264087756424384
2,2,6,12,0.20675288979823978,0.22664340065782065,0.36965470131000583,0.15346634008471557,0.2249101154961782,0.2336710977905129,0.4148760938531169,0.1655845105340023,0.22879051591109117,0.23946993234842945,0.41570349096472936,0.18486641839583712,0.22897022462050257,0.24307754252015973,0.4164105437601404,0.18488072908214853,0.23504485091631397,0.2431454907389238,0.41641628974599976,0.18489032418214332
2,2,7,10,0.16658729030209507,0.4946351663974961,0.2001395896208133,0.09212392870763464,0.19191747911966142,0.5058522973352743,0.20413044474460287,0.16969245807050737,0.19762552760804053,0.5146197188925143,0.2080777257610918,0.17851908966014007,0.20009867088417613,0.514881003667617,0.2083587940469215,0.17853605445679488,0.20374387648895556,0.5148817266891599,0.20835964096816711,0.17853649204171382
2,2,8,9,0.2583311914286636,0.19789627398473994,0.19419655193485408,0.14426899359460044,0.3637819981412529,0.21065129113973718,0.2063452551495863,0.18540414966384608,0.3819869089145909,0.23901333495323362,0.2297881323254603,0.1876898886207185,0.38673945641542706,0.24576770512420987,0.23017701765502308,0.18769613244838362,0.3874038068710085,0.24580283905900685,0.2301780298569629,0.18769638645822426
2,2,9,15,0.23404229049862763,0.22088088737010378,0.14767262439015533,0.28069878166114126,0.2341436781259121,0.22825395516999533,0.14993325108388364,0.3421064923212149,0.23507984112887012,0.292344143435867,0.16102633835119662,0.3424017553537263,0.23522011162317444,0.29691159848419996,0.16141021580239862,0.34241989885962143,0.23716985987999972,0.296916734805386,0.16145814356831825,0.34242001924768034
2,2,10,12,0.30917376259168,0.19413007196596233,0.28278166445938585,0.13994196631748745,0.32137385211937464,0.21313672577650264,0.3484036777369251,0.1483235474338227,0.3216659679271543,0.21382370904129136,0.35004391554250097,0.15249019363913013,0.3232166575609874,0.23404270386778964,0.350090265378633,0.15254666157277533,0.32383260672285313,0.2340442032848369,0.3500924119984931,0.15254716811315328
2,2,11,10,0.30816313341793444,0.284015312625457,0.15712032095063883,0.11343440502726776,0.31245473331015705,0.3827935562171848,0.16765739624278278,0.15123930302793312,0.3147943817639453,0.3843186110453406,0.1701423045102997,0.15629346739385847,0.31588706687513607,0.38550979582591977,0.1860055028180943,0.15630562068628923,0.3164339369466316,0.38551007071048116,0.18602534745630447,0.15630612040504996
2,2,12,9,0.20373039609231358,0.24026780558005964,0.13614938550324723,0.22426866840241708,0.4250756845358375,0.25217657354484746,0.14702037699600903,0.23147425146028514,0.4292332215615697,0.2523690547690445,0.16004517810039431,0.23388460898320693,0.43665176035138936,0.25990698645315674,0.16026189550702988,0.23389851645151014,0.4391744284926577,0.25990829452443936,0.16027185726179688,0.23389860428088358
2,2,13,15,0.14897187933248687,0.3880799222001633,0.13399377162034432,0.34592054954768897,0.15475026346017168,0.3911755550982174,0.14679150843736344,0.38509089249655476,0.15945020013820577,0.40266990274124875,0.18155862976338966,0.3893946613740801,0.1643889149216527,0.40293073482855724,0.18436926420929362,0.38941709587520174,0.16836009895748608,0.4029331919927656,0.18443328095687542,0.3894183178821887
2,2,14,12,0.1835759119348436,0.3698424511941527,0.30241683612798137,0.10576975007429336,0.20121440376988675,0.37582776097248677,0.34940013439348533,0.18114711860335156,0.2087784926358616,0.377552724675672,0.3516961423420159,0.18208197082574287,0.2187140613094928,0.3784944316194457,0.35190466571420814,0.18211944328465984,0.23400115261486654,0.37849928496751284,0.351912182247114,0.1821198507403493
2,2,15,10,0.26153980199304383,0.347079555507835,0.18577586367598306,0.11665282880206797,0.2806034635741814,0.3482759059006351,0.18882451924285848,0.14828620335394652,0.2820794563998355,0.35321042384998014,0.19004120366599045,0.15216090065362992,0.2828002350737296,0.3565349778001907,0.19009845809928877,0.1522540171809904,0.2830126980968755,0.3565363805755142,0.190104668174816,0.1522565602293033
2,2,16,9,0.41474479585450114,0.3195226626781691,0.17747196376464114,0.11798899232660669,0.48278197084902535,0.3216949041955616,0.18794110817249346,0.18400253746809533,0.4942950437730387,0.3232449112216135,0.1971916726309584,0.19233112779518924,0.5012865260026563,0.3276616085157984,0.1972360065112696,0.19235307852896416,0.501678547261692,0.32766519761205953,0.197237741838747,0.1923539793503276
2,2,17,15,0.18292810829319145,0.1800065295447241,0.2351156856627758,0.2685699303464059,0.1905285747071709,0.1921773079971574,0.23805634706467058,0.3231580650115829,0.20153985653885104,0.2222661046051439,0.25618592680834684,0.32345397597615894,0.20631492944055077,0.22234837002129315,0.2577578391784872,0.32345794847848436,0.20838549775747395,0.22235173347525145,0.25777445056795534,0.3234580960790315
2,2,18,12,0.18257646072502517,0.22629974543925965,0.3652088335372361,0.1358688904714712,0.1944795957851661,0.23972788972122136,0.40355318940205026,0.16776314015602947,0.21241885190490384,0.24770594234352583,0.406529239345879,0.1726632725638453,0.21513122095242335,0.25139561943112615,0.4069898161569704,0.17271457228360015,0.22837670569254417,0.25141332721454507,0.4070093186802723,0.172715704788919
2,2,19,10,0.2697293587996698,0.25394170191009036,0.2341378539985668,0.10360661708713328,0.27225498530134923,0.30908258507470804,0.23754207297500524,0.15169694876998202,0.2738307508656659,0.3212142408603276,0.24509235238391966,0.16861395359578082,0.27488060403390485,0.3232960696536245,0.24595038725838778,0.16876135674737372,0.27523704820610245,0.323297058000195,0.24597764934163052,0.16876141536652473
2,2,20,9,0.29910306235792367,0.29260945463597177,0.168431191429889,0.1169419744856685,0.39065851220479825,0.29472936729267757,0.18897293256620373,0.1331147395298521,0.3935908215554388,0.2950743120997009,0.19622290914135737,0.14632461994279747,0.39401360568235055,0.2956300854548986,0.19683289002936566,0.14640477222613493,0.3943830821666954,0.2956336040549116,0.196837082972205,0.14640697447279427
